分组文件,文件内页码,发货尺码,材质,完整发货号码,尾四位,货号,数量,原标签页码,对应依据,状态,发货备注
单层PEVA/发2XXXL525码_单层PEVA_4张.pdf,1,2XXXL525,单层PEVA,11631731-0101-1,1731,20260803018,1,9,完整发货号码精确匹配发货单记录2；货号精确匹配信息表记录128,自动匹配通过,
单层PEVA/发2XXXL525码_单层PEVA_4张.pdf,2,2XXXL525,单层PEVA,0209275505-0187-1,5505,20260803018,1,16,完整发货号码精确匹配发货单记录8；货号精确匹配信息表记录128,自动匹配通过,
单层PEVA/发2XXXL525码_单层PEVA_4张.pdf,3,2XXXL525,单层PEVA,0133707127-0183-1,7127,20260803018,1,25,完整发货号码精确匹配发货单记录17；货号精确匹配信息表记录128,自动匹配通过,
单层PEVA/发2XXXL525码_单层PEVA_4张.pdf,4,2XXXL525,单层PEVA,0140264465-0061-1,4465,20260803018,1,26,完整发货号码精确匹配发货单记录18；货号精确匹配信息表记录128,自动匹配通过,
单层PEVA/发L码_单层PEVA_12张.pdf,1,L,单层PEVA,0222642015-0051-1,2015,PRIORA-07-K,1,2,完整发货号码精确匹配发货单记录25；货号精确匹配信息表记录97,自动匹配通过,
单层PEVA/发L码_单层PEVA_12张.pdf,2,L,单层PEVA,82739429-0228-1,9429,VESTA-07-K,1,4,完整发货号码精确匹配发货单记录27；货号精确匹配信息表记录24,自动匹配通过,
单层PEVA/发L码_单层PEVA_12张.pdf,3,L,单层PEVA,0180214624-0085-1,4624,VESTA-03-C,1,5,完整发货号码精确匹配发货单记录28；货号精确匹配信息表记录20,自动匹配通过,
单层PEVA/发L码_单层PEVA_12张.pdf,4,L,单层PEVA,0109549647-0158-2,9647,VESTA-02-B,1,6,完整发货号码精确匹配发货单记录29；货号精确匹配信息表记录19,自动匹配通过,
单层PEVA/发L码_单层PEVA_12张.pdf,5,L,单层PEVA,23150882-0386-1,0882,VESTA-06-F,1,7,完整发货号码精确匹配发货单记录30；货号精确匹配信息表记录23,自动匹配通过,
单层PEVA/发L码_单层PEVA_12张.pdf,6,L,单层PEVA,0121005673-0021-2,5673,LADA20-11-2S,1,13,完整发货号码精确匹配发货单记录5；货号精确匹配信息表记录64,自动匹配通过,
单层PEVA/发L码_单层PEVA_12张.pdf,7,L,单层PEVA,0205193345-0218-1,3345,2026080203,1,18,完整发货号码精确匹配发货单记录10；货号精确匹配信息表记录43,自动匹配通过,
单层PEVA/发L码_单层PEVA_12张.pdf,8,L,单层PEVA,82547713-0047-1,7713,20260803016,1,21,完整发货号码精确匹配发货单记录13；货号精确匹配信息表记录126,自动匹配通过,
单层PEVA/发L码_单层PEVA_12张.pdf,9,L,单层PEVA,0109426885-0171-1,6885,2026080102,1,24,完整发货号码精确匹配发货单记录16；货号精确匹配信息表记录2,自动匹配通过,
单层PEVA/发L码_单层PEVA_12张.pdf,10,L,单层PEVA,0123814040-0041-6,4040,20260803015,1,27,完整发货号码精确匹配发货单记录19；货号精确匹配信息表记录125,自动匹配通过,
单层PEVA/发L码_单层PEVA_12张.pdf,11,L,单层PEVA,60979592-0361-1,9592,VESTA-06-F,1,30,完整发货号码精确匹配发货单记录31；货号精确匹配信息表记录23,自动匹配通过,
单层PEVA/发L码_单层PEVA_12张.pdf,12,L,单层PEVA,80762672-0180-1,2672,VESTA-03-C,1,32,完整发货号码精确匹配发货单记录33；货号精确匹配信息表记录20,自动匹配通过,
单层PEVA/发M码_单层PEVA_10张.pdf,1,M,单层PEVA,0126320014-0105-1,0014,LADA20-07,1,1,；模糊匹配JSON货号规则：LADA20-07→M/单层PEVA,自动匹配通过,
单层PEVA/发M码_单层PEVA_10张.pdf,2,M,单层PEVA,0180974561-0128-1,4561,LADA20-01-A,1,3,完整发货号码精确匹配发货单记录26；货号精确匹配信息表记录54,自动匹配通过,
单层PEVA/发M码_单层PEVA_10张.pdf,3,M,单层PEVA,68965735-0208-3,5735,LADA20-12-2M,1,10,完整发货号码精确匹配发货单记录23；货号精确匹配信息表记录65,自动匹配通过,
单层PEVA/发M码_单层PEVA_10张.pdf,4,M,单层PEVA,0240712146-0086-1,2146,LADA20-06-F,1,12,完整发货号码精确匹配发货单记录4；货号精确匹配信息表记录59,自动匹配通过,
单层PEVA/发M码_单层PEVA_10张.pdf,5,M,单层PEVA,0108750460-0253-1,0460,LADA20-06-F,1,17,完整发货号码精确匹配发货单记录9；货号精确匹配信息表记录59,自动匹配通过,
单层PEVA/发M码_单层PEVA_10张.pdf,6,M,单层PEVA,74061766-0130-1,1766,VESTA-2M,1,19,；模糊匹配JSON货号规则：VESTA-2M→M/单层PEVA,自动匹配通过,
单层PEVA/发M码_单层PEVA_10张.pdf,7,M,单层PEVA,19941828-0487-1,1828,LADA-2XS-PEVA,1,20,完整发货号码精确匹配发货单记录12；货号精确匹配信息表记录33,自动匹配通过,
单层PEVA/发M码_单层PEVA_10张.pdf,8,M,单层PEVA,09916475-0471-1,6475,VESTA-2M,1,28,；模糊匹配JSON货号规则：VESTA-2M→M/单层PEVA,自动匹配通过,
单层PEVA/发M码_单层PEVA_10张.pdf,9,M,单层PEVA,0140981028-0025-1,1028,20260803014,1,29,完整发货号码精确匹配发货单记录21；货号精确匹配信息表记录124,自动匹配通过,
单层PEVA/发M码_单层PEVA_10张.pdf,10,M,单层PEVA,42120471-0215-2,0471,LADA20-02-B,1,31,完整发货号码精确匹配发货单记录32；货号精确匹配信息表记录55,自动匹配通过,
单层PEVA/发S码_单层PEVA_4张.pdf,1,S,单层PEVA,68608607-0549-1,8607,LADA-2121-LINK-S,1,8,；模糊匹配JSON货号规则：LADA-2121-LINK-S→S/单层PEVA,自动匹配通过,
单层PEVA/发S码_单层PEVA_4张.pdf,2,S,单层PEVA,93450933-0128-1,0933,LADA-2121-LINK-S,1,14,；模糊匹配JSON货号规则：LADA-2121-LINK-S→S/单层PEVA,自动匹配通过,
单层PEVA/发S码_单层PEVA_4张.pdf,3,S,单层PEVA,0182748514-0178-2,8514,LADA-2121-LINK-S,1,15,；模糊匹配JSON货号规则：LADA-2121-LINK-S→S/单层PEVA,自动匹配通过,
单层PEVA/发S码_单层PEVA_4张.pdf,4,S,单层PEVA,0121612783-0590-1,2783,LADA-2121-LINK-S,1,33,；模糊匹配JSON货号规则：LADA-2121-LINK-S→S/单层PEVA,自动匹配通过,
单层PEVA/发XLL码_单层PEVA_1张.pdf,1,XLL,单层PEVA,0222542073-0050-1,2073,2026080310,1,22,完整发货号码精确匹配发货单记录14；货号精确匹配信息表记录120,自动匹配通过,
单层PEVA/发YL码_单层PEVA_1张.pdf,1,YL,单层PEVA,81985664-0091-1,5664,2026080302,1,23,完整发货号码精确匹配发货单记录15；货号精确匹配信息表记录112,自动匹配通过,
单层PEVA/发YXL码_单层PEVA_1张.pdf,1,YXL,单层PEVA,82414914-0193-1,4914,2026080306,1,11,完整发货号码精确匹配发货单记录3；货号精确匹配信息表记录116,自动匹配通过,
