NO,发货号码,照片,商品,货号,数量,标签,配送服务,源记录号,标准化信息
1,64571935-0114-1,,"Авточехол-тент TOZAROA для хэтчбека и универсала, размер 2XS, 4100 1900 1500 мм, водонепроницаемый от снега, дождя, солнца и пыли, подходит для Opel Astra, LADA Kalina, Volkswagen Golf",20260803014,1,1935,GUOO Economy Budget,1,
2,67088582-0529-1,,"TOZAROA чехол на автомобиль Lada 2121 4x4 Нива ВАЗ-2121 Niva Legend Urban Рысь Bronto Фора 1977-2021, серый PEVA, от дождя, снега, солнца, пыли и листьев",LADA-2121-LINK-S,1,8582,GUOO Economy Budget,2,
3,0160985690-0170-1,,"Авточехол-тент TOZAROA для хэтчбека и универсала, 2XXL (5200 2000 1800 мм), водонепроницаемый от снега, дождя, солнца и пыли, для Hyundai Grand Starex, Mercedes-Benz V-Класс, Volkswagen Transporter",20260803018,1,5690,GUOO Economy Budget,3,
4,45015947-0098-1,,"TOZAROA чехол на автомобиль Lada 2121 4x4 Нива ВАЗ-2121 Niva Legend Urban Рысь Bronto Фора 1977-2021, серый PEVA, от дождя, снега, солнца, пыли и листьев",LADA-2121-LINK-S,1,5947,GUOO Economy Budget,4,
5,28770403-0114-1,,"Авточехол-тент TOZAROA для хэтчбека и универсала, 2XXL (5200 2000 1800 мм), водонепроницаемый от снега, дождя, солнца и пыли, для Hyundai Grand Starex, Mercedes-Benz V-Класс, Volkswagen Transporter",20260803018,1,0403,GUOO Economy Budget,5,
6,20034593-0135-1,,"Авточехол-тент TOZAROA для хэтчбека и универсала, размер 2L, 4800 1900 1600 мм, водонепроницаемый от снега, дождя, солнца и пыли, подходит для Skoda Octavia, Ford Focus, Kia Ceed",20260803016,1,4593,GUOO Economy Budget,6,
7,0237819408-0003-1,,"TOZAROA чехол-тент на автомобиль Lada 2101 (Лада 2101, ВАЗ-2101) 1970 1988, защита от дождя, снега, солнца и пыли, для улицы, парковки и гаража",LADA20-12-2M,1,9408,GUOO Economy Budget,7,
8,0164162152-0142-1,,"TOZAROA чехол на автомобиль Lada 2121 4x4 Нива ВАЗ-2121 Niva Legend Urban Рысь Bronto Фора 1977-2021, серый PEVA, от дождя, снега, солнца, пыли и листьев",LADA-2121-LINK-S,1,2152,GUOO Economy Budget,8,
9,0136240519-0089-1,,"TOZAROA чехол-тент на автомобиль Lada 2114 (Лада 2114, ВАЗ-2114) 2001- 2013, защита от дождя, снега, солнца и пыли, для улицы, парковки и гаража",LADA20-06-F,1,0519,GUOO Economy Budget,9,
10,0106937623-0318-1,,"TOZAROA чехол-тент на автомобиль Lada Priora (Лада Приора) 2007-2013, универсал 5-дверный, защита от дождя, снега, солнца и пыли, для улицы, парковки и гаража",PRIORA-06-F,1,7623,GUOO Economy Budget,10,
11,07227504-0738-1,,"TOZAROA чехол-тент на автомобиль Lada 2101 (Лада 2101, ВАЗ-2101) 1970 1988, защита от дождя, снега, солнца и пыли, для улицы, парковки и гаража",LADA20-12-2M,1,7504,GUOO Economy Budget,11,
12,73959947-0995-5,,"Авточехол-тент TOZAROA для кроссовера и внедорожника, XL (5300 2000 1900 мм), водонепроницаемый от снега, дождя, солнца и пыли, для Toyota Land Cruiser, Cadillac Escalade, Land Rover Range Rover",2026080304,1,9947,GUOO Economy Budget,12,
13,0147261002-0111-1,,"Защитный тент-чехол на автомобиль Lada Granta (Лада Гранта) 2011-2026 лифтбек / кросс / спорт Tozaroa cover Всесезонный водонепроницаемый чехол на машину от солнца, дождя и снега, тент на авто",2026080102,1,1002,GUOO Economy Budget,13,
14,68289655-0738-1,,"TOZAROA чехол на автомобиль Lada 2121 4x4 Нива ВАЗ-2121 Niva Legend Urban Рысь Bronto Фора 1977-2021, серый PEVA, от дождя, снега, солнца, пыли и листьев",LADA-2121-LINK-S,1,9655,GUOO Economy Budget,14,
15,0205294363-0038-1,,"TOZAROA чехол-тент на автомобиль Lada 2114 (Лада 2114, ВАЗ-2114) 2001- 2013, защита от дождя, снега, солнца и пыли, для улицы, парковки и гаража",LADA20-06-F,1,4363,GUOO Economy Budget,15,
16,33618870-0342-6,,"Авточехол-тент TOZAROA для кроссовера и внедорожника, XXXL (5800 2000 2000 мм), водонепроницаемый от снега, дождя, солнца и пыли, подходит для Cadillac Escalade, Cadillac Escalade-V, Lincoln Navigator",2026080306,1,8870,GUOO Economy Budget,16,
17,0186115559-0347-1,,"TOZAROA чехол-тент на автомобиль Lada 2101 (Лада 2101, ВАЗ-2101) 1970 1988, защита от дождя, снега, солнца и пыли, для улицы, парковки и гаража",LADA20-12-2M,1,5559,GUOO Economy Budget,17,
18,0208842329-0066-1,,"TOZAROA чехол-тент на автомобиль Lada Priora (Лада Приора) 2007-2013, хэтчбек 5-дверный, защита от дождя, снега, солнца и пыли, для улицы, парковки и гаража",PRIORA-04-D,1,2329,GUOO Economy Small,18,
19,0150541387-0077-1,,"TOZAROA чехол-тент на автомобиль Lada Vesta (Лада Веста) Cross Sedan 2022 2026, защита от дождя, снега, солнца и пыли, для улицы, парковки и гаража",VESTA-07-K,1,1387,GUOO Economy Small,19,
20,0145918409-0060-1,,"TOZAROA чехол-тент на автомобиль Lada 2109 (Лада 2109, ВАЗ-2109) 1987-2006, защита от дождя, снега, солнца и пыли, для улицы, парковки и гаража Авточехол для Lada Granta Drive Active Лифтбек 2018-2026 (Лада Гранта, ВАЗ Гранта, ВАЗ-2191),",LADA20-01-A20260802012,11,84093611,GUOO Economy Small,20,
21,0114349289-0115-1,,"всесезонный водонепроницаемый защитный чехол для автомобиля TOZAROA чехол-тент на автомобиль Lada Priora (Лада Приора) 20132018, седан, защита от дождя, снега, солнца и пыли, для улицы, парковки и гаража",PRIORA-01-A,1,9289,GUOO Economy Small,21,
22,0128902775-0190-1,,"TOZAROA чехол-тент на автомобиль Lada 2109 (Лада 2109, ВАЗ-2109) 1987-2006, защита от дождя, снега, солнца и пыли, для улицы, парковки и гаража",LADA20-01-A,1,2775,GUOO Economy Small,22,
