NO,发货号码,照片,配送服务,商品,货号,数量,标签
1 ,40552532-0418-1,"=DISPIMG(""ID_5C870D2C11F84A0B8B155253E1879751"",1)",GUOO Economy Budget,"Авточехол-тент TOZAROA для хэтчбека и
универсала, размер 2S, 3600 1900 1500 мм,
водонепроницаемый от снега, дождя, солнца и
пыли, подходит для Daewoo Matiz, Honda Civic,
Toyota Yaris",20260803013 ,1 ,2532 
2 ,0177008580-0005-1,"=DISPIMG(""ID_F1809D3A5589413DB884AC97C1817452"",1)",GUOO Economy Budget,"Авточехол-тент TOZAROA для хэтчбека и
универсала, 2XXL (5200 2000 1800 мм),
водонепроницаемый от снега, дождя, солнца и
пыли, для Hyundai Grand Starex, Mercedes-Benz
V-Класс, Volkswagen Transporter",20260803018 ,1 ,8580 
3 ,0121437593-0236-3,"=DISPIMG(""ID_60C15B1672AD4D35903E3C4190689AF7"",1)",GUOO Economy Budget,"Авточехол-тент TOZAROA для хэтчбека и
универсала, 2XXL (5200 2000 1800 мм),
водонепроницаемый от снега, дождя, солнца и
пыли, для Hyundai Grand Starex, Mercedes-Benz
V-Класс, Volkswagen Transporter",20260803018 ,1 ,7593 
4 ,0267116886-0009-6,"=DISPIMG(""ID_E361296F7E4745FA87575B23EFA5861B"",1)",GUOO Economy Budget,"Защитный тент-чехол на автомобиль Lada Granta
(Лада Гранта) 2011-2026 седан / спорт Tozaroa cover
Всесезонный водонепроницаемый чехол на машину
от солнца, дождя и снега, тент для автомобиля",2026080103 ,1 ,6886 
5 ,0134119280-0300-1,"=DISPIMG(""ID_EF4689DF614D407CA34B8CCB0EA5C30D"",1)",GUOO Economy Budget,"Авточехол-тент TOZAROA для седана и спорткара,
размер 3M, 4500 1700 1500 мм, водонепроницаемый
от снега, дождя, солнца и пыли, подходит для LADA
Granta, Kia Rio, LADA Vesta",2026080308 ,1 ,9280 
6 ,0241303044-0144-1,"=DISPIMG(""ID_BED23797185A4BFF9D686ABAFDD12AA4"",1)",GUOO Economy Budget,"TOZAROA чехол на автомобиль Lada 2121 4x4 Нива
ВАЗ-2121 Niva Legend Urban Рысь Bronto Фора
1977-2021, серый PEVA, от дождя, снега, солнца,
пыли и листьев",LADA-2121-LINK-S,1 ,3044 
7 ,30590342-0019-1,"=DISPIMG(""ID_403D28CE01C44C5D967ADCC90DD66254"",1)",GUOO Economy Budget,"Авточехол-тент TOZAROA для кроссовера и
внедорожника, M (4800 2000 1800 мм),
водонепроницаемый от снега, дождя, солнца и
пыли, для Toyota Land Cruiser, Toyota Land Cruiser
Prado, Volkswagen Tiguan",2026080302 ,1 ,0342 
8 ,0183641696-0013-1,"=DISPIMG(""ID_CA51F2CB70DA455B96E7D0AA2E7963B8"",1)",GUOO Economy Budget,"Авточехол-тент TOZAROA для хэтчбека и
универсала, 2XXL (5200 2000 1800 мм),
водонепроницаемый от снега, дождя, солнца и
пыли, для Hyundai Grand Starex, Mercedes-Benz
V-Класс, Volkswagen Transporter",20260803018 ,1 ,1696 
9 ,87083325-0232-1,"=DISPIMG(""ID_CDF1C8E7661B4FC6A2CB74E9A1866BD7"",1)",GUOO Economy Budget,"Авточехол-тент TOZAROA для хэтчбека и
универсала, размер 2XS, 4100 1900 1500 мм,
водонепроницаемый от снега, дождя, солнца и
пыли, подходит для Opel Astra, LADA Kalina,
Volkswagen Golf",20260803014 ,1 ,3325 
10 ,0176606413-0004-1,"=DISPIMG(""ID_89B41655027F4860BBB6A39CB753DF91"",1)",GUOO Economy Budget,"TOZAROA чехол на автомобиль Lada Vesta Лада
Веста SW универсал Cross Sport Sportline 2015-2026,
защитный тент-чехол для машины, от дождя, снега,
наледи, грязи, пыли, листьев, для улицы, парковки",VESTA-2M,1 ,6413 
11 ,0117816836-0056-1,"=DISPIMG(""ID_3F2D2693F4EB48DB9B060182BE06FB15"",1)",GUOO Economy Budget,"Автомобильное пальто XXL, автомобильный тент из
оксфордской ткани, универсальный чехол
540х175х120 см, защита от солнца, дождя и пыли",0017573,1 ,6836 
12 ,18374514-0290-1,"=DISPIMG(""ID_B7FB3F70E18144E39922FD92FB4ED5B1"",1)",GUOO Economy Budget,"Авточехол-тент TOZAROA для хэтчбека и
универсала, 2XXL (5200 2000 1800 мм),
водонепроницаемый от снега, дождя, солнца и
пыли, для Hyundai Grand Starex, Mercedes-Benz
V-Класс, Volkswagen Transporter",20260803018 ,1 ,4514 
13 ,0152434937-0661-1,"=DISPIMG(""ID_D3A49108989E4EB5B43858D6656105C6"",1)",GUOO Economy Budget,"Авточехол-тент TOZAROA для хэтчбека и
универсала, размер 2M, 4500 1900 1500 мм,
водонепроницаемый от снега, дождя, солнца и
пыли, подходит для Skoda Octavia, LADA Granta, Ford
Focus",20260803015 ,1 ,4937 
14,66561822-0511-1,"=DISPIMG(""ID_A21BB094B2A24545A306806B46C02C9C"",1)",GUOO Economy Budget,"Авточехол-тент TOZAROA для хэтчбека и
универсала, 2XXL (5200 2000 1800 мм),
водонепроницаемый от снега, дождя, солнца и
пыли, для Hyundai Grand Starex, Mercedes-Benz
V-Класс, Volkswagen Transporter",20260803018 ,1 ,1822 
15 ,0127156574-0138-1,"=DISPIMG(""ID_02DE0B0D0C444011B95352359C0475A8"",1)",GUOO Economy Budget,"TOZAROA чехол на автомобиль Lada 2121 4x4 Нива
ВАЗ-2121 Niva Legend Urban Рысь Bronto Фора
1977-2021, серый PEVA, от дождя, снега, солнца,
пыли и листьев",LADA-2121-LINK-S,1 ,6574 
16 ,74740165-0261-1,"=DISPIMG(""ID_32F968E6B69445789F86A0B50AADCEC7"",1)",GUOO Economy Budget,"TOZAROA чехол на автомобиль Lada 2121 4x4 Нива
ВАЗ-2121 Niva Legend Urban Рысь Bronto Фора
1977-2021, серый PEVA, от дождя, снега, солнца,
пыли и листьев",LADA-2121-LINK-S,1 ,0165 
17 ,0139276870-0034-1,"=DISPIMG(""ID_7A7C02BB69724B23995736ADF35EE073"",1)",GUOO Economy Budget,"Авточехол-тент TOZAROA для хэтчбека и
универсала, 2XXL (5200 2000 1800 мм),
водонепроницаемый от снега, дождя, солнца и
пыли, для Hyundai Grand Starex, Mercedes-Benz
V-Класс, Volkswagen Transporter",20260803018 ,1 ,6870 
18 ,84383424-0505-1,"=DISPIMG(""ID_9D9F847AE39246BBA6C70406CC63ABD9"",1)",GUOO Economy Budget,"TOZAROA чехол на автомобиль Lada 2121 4x4 Нива
ВАЗ-2121 Niva Legend Urban Рысь Bronto Фора
1977-2021, серый PEVA, от дождя, снега, солнца,
пыли и листьев",LADA-2121-LINK-S,1 ,3424 
19 ,38078006-0889-1,"=DISPIMG(""ID_81E822E48B514C0CBC3B14A729F9258C"",1)",GUOO Economy Budget,"TOZAROA чехол на автомобиль Lada 2121 4x4 Нива
ВАЗ-2121 Niva Legend Urban Рысь Bronto Фора
1977-2021, серый PEVA, от дождя, снега, солнца,
пыли и листьев",LADA-2121-LINK-S,1 ,8006 
20 ,0142890183-0236-1,"=DISPIMG(""ID_C50BC0E36B104F49A54675FDD010E8F2"",1)",GUOO Economy Budget,"TOZAROA чехол-тент на автомобиль Lada 4x4 2131
(Нива 5 дверей, ВАЗ-2131) Urban 2019-2021, защита
от дождя, снега, солнца и пыли, для улицы и гаража",LADA2131-05-E,1 ,0183 
21 ,0163200273-0240-1,"=DISPIMG(""ID_67148B60C5FF4FBE99216EAA8D0C132D"",1)",GUOO Economy Budget,"Авточехол-тент TOZAROA для хэтчбека и
универсала, 2XXL (5200 2000 1800 мм),
водонепроницаемый от снега, дождя, солнца и
пыли, для Hyundai Grand Starex, Mercedes-Benz
V-Класс, Volkswagen Transporter",20260803018 ,1 ,0273 
22 ,25010965-0331-1,"=DISPIMG(""ID_41D3B6EFACE44AACA35123416B2490AB"",1)",GUOO Economy Budget,"TOZAROA чехол на автомобиль Lada 2121 4x4 Нива
ВАЗ-2121 Niva Legend Urban Рысь Bronto Фора
1977-2021, серый PEVA, от дождя, снега, солнца,
пыли и листьев",LADA-2121-LINK-S,1 ,0965 
23 ,0205837875-0237-1,"=DISPIMG(""ID_F4CE6E11971F4332A90B815D4B21282F"",1)",GUOO Economy Budget,"Авточехол-тент TOZAROA для хэтчбека и
универсала, 2XXL (5200 2000 1800 мм),
водонепроницаемый от снега, дождя, солнца и
пыли, для Hyundai Grand Starex, Mercedes-Benz
V-Класс, Volkswagen Transporter",20260803018 ,1 ,7875 
1 ,0240829405-0039-1,"=DISPIMG(""ID_356A8619578B40E189FE71E9C9535810"",1)",GUOO Economy Small,"TOZAROA чехол-тент на автомобиль Lada 2109 (Лада
2109, ВАЗ-2109)9 1990 2011, защита от дождя, снега,
солнца и пыли, для улицы, парковки и гаража",LADA20-11-2S,1 ,9405 
2 ,0118935853-0283-1,"=DISPIMG(""ID_B5948203DC66484D99629FF713514D26"",1)",GUOO Economy Small,"TOZAROA чехол-тент на автомобиль Lada 2107 (Лада
2107, ВАЗ-2107) 1982- 2012, защита от дождя, снега,
солнца и пыли, для улицы, парковки и гаража",LADA20-07-K,1 ,5853 
3 ,0125296442-1013-1,"=DISPIMG(""ID_D2EA607BECC14D979E99EF40DA737D42"",1)",GUOO Economy Small,"TOZAROA чехол на автомобиль Lada 2108, 2109
1984-2006, размер 2XS, тент для автомобиля на
осень и зиму, защита кузова от дождя, мокрого
снега, наледи, пыли, грязи и листьев, для улицы",LADA-2XS-PEVA,1 ,6442 
4 ,0161101855-0014-1,"=DISPIMG(""ID_BF094310882D40D084E00201E2E98BC6"",1)",GUOO Economy Small,"TOZAROA чехол-тент на автомобиль Lada Priora
(Лада Приора) 2013-2018, хэтчбек 3-дверный,
защита от дождя, снега, солнца и пыли, для улицы,
парковки и гаража",PRIORA-07-K,1 ,1855 
5 ,63944630-0192-1,"=DISPIMG(""ID_CE3087ACD4D741B88E93894DACD6612A"",1)",GUOO Economy Small,"TOZAROA чехол-тент на автомобиль Lada Vesta
(Лада Веста) SW 2015 2022, защита от дождя, снега,
солнца и пыли, для улицы, парковки и гаража",VESTA-06-F,1 ,4630 
6 ,66935485-1227-1,"=DISPIMG(""ID_625261D54D8B47B585992F4E2ADEBE37"",1)",GUOO Economy Small,"TOZAROA чехол-тент на автомобиль Lada 2106 (Лада
2106, ВАЗ-2106) 1976 2006, защита от дождя, снега,
солнца и пыли, для улицы, парковки и гаража",LADA20-09-M,1 ,5485 
7 ,0136835116-0279-1,"=DISPIMG(""ID_0537C39D1F134452941AF272FA128DA7"",1)",GUOO Economy Small,"TOZAROA чехол-тент на автомобиль Lada 2107 (Лада
2107, ВАЗ-2107) 1982- 2012, защита от дождя, снега,
солнца и пыли, для улицы, парковки и гаража",LADA20-07-K,1 ,5116 
8 ,24756202-0582-1,"=DISPIMG(""ID_C35808BA7D564A85A4B58E7E0920A9F5"",1)",GUOO Economy Small,"TOZAROA чехол-тент на автомобиль Lada 2109 (Лада
2109, ВАЗ-2109)9 1990 2011, защита от дождя, снега,
солнца и пыли, для улицы, парковки и гаража",LADA20-11-2S,1 ,6202 
9 ,17309478-0530-1,"=DISPIMG(""ID_C45AD187A3314871977BACABECAC52D7"",1)",GUOO Economy Small,"Авточехол-тент TOZAROA для кроссовера и
внедорожника, размер L, 5100 2000 1800 мм,
водонепроницаемый от снега, дождя, солнца и
пыли, подходит для Toyota Land Cruiser, Toyota Land
Cruiser Prado, BMW X5",2026080303 ,1 ,9478 
10 ,0172518527-0191-1,"=DISPIMG(""ID_74B7BFC7128C4734AAA4B6CE91A6068D"",1)",GUOO Economy Small,"TOZAROA чехол-тент на автомобиль Lada Priora
(Лада Приора) 2007-2013, универсал 5-дверный,
защита от дождя, снега, солнца и пыли, для улицы,
парковки и гаража",PRIORA-06-F,1 ,8527 
11 ,82078984-0255-1,"=DISPIMG(""ID_D0EEBF24066B4661AEAD90BE7C8268A3"",1)",GUOO Economy Small,"TOZAROA чехол-тент на автомобиль Lada Largus
(Лада Ларгус) Cross 2021-2026, защита от дождя,
снега, солнца и пыли, для улицы и гаража",LARGUS-03-C,1 ,8984 
12 ,0225025782-0030-2,"=DISPIMG(""ID_046447F0E5A84D7E827618802F808BA0"",1)",GUOO Economy Small,"TOZAROA чехол-тент на автомобиль Lada 2109 (Лада
2109, ВАЗ-2109)9 1990 2011, защита от дождя, снега,
солнца и пыли, для улицы, парковки и гаража",LADA20-11-2S,1 ,5782 
13 ,60004487-0284-1,"=DISPIMG(""ID_184359351B10478DAAEC5F49C5BC3213"",1)",GUOO Economy Small,"TOZAROA чехол-тент на автомобиль Lada Kalina
(Лада Калина) 2013 -2018, защита от дождя, снега,
солнца и пыли, для улицы, парковки и гаража",KALINA-03-C,1 ,4487 
14 ,68405750-0039-1,"=DISPIMG(""ID_4135F22B2D9E4B62869BD86DE4EF25BD"",1)",GUOO Economy Small,"TOZAROA чехол-тент на автомобиль Lada Priora
(Лада Приора) 2007-2013, седан, защита от дождя,
снега, солнца и пыли, для улицы, парковки и гаража",PRIORA-02-B,1 ,5750 
15 ,0141137888-0008-1,"=DISPIMG(""ID_CA4EDDA6304E4533BAD802C2C6B0F440"",1)",GUOO Economy Small,"TOZAROA чехол-тент на автомобиль Lada 2107 (Лада
2107, ВАЗ-2107) 1982- 2012, защита от дождя, снега,
солнца и пыли, для улицы, парковки и гаража",LADA20-07-K,1 ,7888 
16 ,08793404-0096-1,"=DISPIMG(""ID_8F6E339809AB4CE699F6D9E1B0B9B5B0"",1)",GUOO Economy Small,"TOZAROA чехол-тент на автомобиль Lada 2106 (Лада
2106, ВАЗ-2106) 1976 2006, защита от дождя, снега,
солнца и пыли, для улицы, парковки и гаража",LADA20-09-M,1 ,3404 
17 ,0138016465-0179-1,"=DISPIMG(""ID_62F7BF4A0FC3407295E536D25B6DE99E"",1)",GUOO Economy Small,"TOZAROA чехол на автомобиль Lada 2108, 2109
1984-2006, размер 2XS, тент для автомобиля на
осень и зиму, защита кузова от дождя, мокрого
снега, наледи, пыли, грязи и листьев, для улицы",LADA-2XS-PEVA,1 ,6465 
18 ,0241458935-0071-1,"=DISPIMG(""ID_4F07585E0E0641A3BE505EA395C1AA19"",1)",GUOO Economy Small,"TOZAROA чехол-тент на автомобиль Lada 2109 (Лада
2109, ВАЗ-2109)9 1990 2011, защита от дождя, снега,
солнца и пыли, для улицы, парковки и гаража",LADA20-11-2S,1 ,8935 
19 ,0120514458-0377-1,"=DISPIMG(""ID_FE736142B38E4773AE411C14D1771CA2"",1)",GUOO Economy Small,"TOZAROA чехол-тент на автомобиль Lada 2114 (Лада
2114, ВАЗ-2114) 2001- 2013, защита от дождя, снега,
солнца и пыли, для улицы, парковки и гаража",LADA20-06-F,1 ,4458 
20 ,59309067-0314-1,"=DISPIMG(""ID_0BFEF0532D9A4E2E8BD4824B18D2827F"",1)",GUOO Economy Small,"TOZAROA чехол-тент на автомобиль Lada 2108 (Лада
2108, ВАЗ-2108) 1984- 2005, защита от дождя, снега,
солнца и пыли, для улицы, парковки и гаража",LADA20-02-B,1 ,9067 
21 ,80633559-0313-1,"=DISPIMG(""ID_B1CC75AD1FB74A5C9899BC253C6C0E5A"",1)",GUOO Economy Small,"Авточехол-тент TOZAROA для кроссовера и
внедорожника, XL (5300 2000 1900 мм),
водонепроницаемый от снега, дождя, солнца и
пыли, для Toyota Land Cruiser, Cadillac Escalade,
Land Rover Range Rover",2026080304 ,1 ,3559 
22 ,43022937-0649-1,"=DISPIMG(""ID_14F6C9583778488C8E16D8F9AD4B4F37"",1)",GUOO Economy Small,"Защитный тент-чехол на автомобиль Lada Granta
(Лада Гранта) 2011-2026 седан / спорт Tozaroa cover
Всесезонный водонепроницаемый чехол на машину
от солнца, дождя и снега, тент для автомобиля",2026080103 ,1 ,2937 
23 ,43022937-0649-3,"=DISPIMG(""ID_2E958F15F1E1483C89527847B588EEFA"",1)",GUOO Economy Small,"TOZAROA чехол на автомобиль Lada Largus Лада
Ларгус универсал Cross фургон R90 F90 2012-2026,
защитный тент-чехол для машины, от дождя, снега,
наледи, грязи, пыли, листьев, для улицы, парковки,
гаража",largus-2M,1 ,2937 
24 ,64448326-0062-1,"=DISPIMG(""ID_5CE2A334F5284D36AA5DFE69D3D7F97F"",1)",GUOO Economy Small,"TOZAROA чехол-тент на автомобиль Lada Priora
(Лада Приора) 2007-2013, универсал 5-дверный,
защита от дождя, снега, солнца и пыли, для улицы,
парковки и гаража",PRIORA-06-F,1 ,8326 
25 ,64724032-0237-1,"=DISPIMG(""ID_C87AF90924FE4C919171FF641BBC87F5"",1)",GUOO Economy Small,"Авточехол-тент TOZAROA для кроссовера и
внедорожника, XXXL (5800 2000 2000 мм),
водонепроницаемый от снега, дождя, солнца и
пыли, подходит для Cadillac Escalade, Cadillac
Escalade-V, Lincoln Navigator",2026080306 ,1 ,4032 
26 ,59404757-0434-1,"=DISPIMG(""ID_EF80F16074474DB9843D1A059CB280F5"",1)",GUOO Economy Small,"TOZAROA чехол на автомобиль Lada 2108, 2109
1984-2006, размер 2XS, тент для автомобиля на
осень и зиму, защита кузова от дождя, мокрого
снега, наледи, пыли, грязи и листьев, для улицы",LADA-2XS-PEVA,1 ,4757 
27 ,0214431225-0014-1,"=DISPIMG(""ID_C1107ACF77BB490D9E8C78A626DF24AF"",1)",GUOO Economy Small,"TOZAROA чехол-тент на автомобиль Lada Vesta
(Лада Веста) SW Cross 2022 2026, защита от дождя,
снега, солнца и пыли, для улицы, парковки и гаража",VESTA-03-C,1 ,1225 
28,22499225-0308-1,"=DISPIMG(""ID_7E516238546247E7BCDB43DF44547961"",1)",GUOO Economy Small,"TOZAROA чехол-тент на автомобиль Lada Largus
(Лада Ларгус) Cross 2021-2026, защита от дождя,
снега, солнца и пыли, для улицы и гаража",LARGUS-03-C,1,9225
29,0238147217-0042-1,"=DISPIMG(""ID_56C4BA34E52B4E568FED09442EA53FFF"",1)",GUOO Economy Small,"TOZAROA чехол-тент на автомобиль Lada 2109 (Лада 2109, ВАЗ-2109)9 1990 2011, защита от дождя, снега,    LADA20-11-2S
солнца и пыли, для улицы, парковки и гаража",LADA20-11-2S,1,7217
30 ,0282693474-0020-1,"=DISPIMG(""ID_ABB4762527EA4B65B1F493890A2E5C94"",1)",GUOO Economy Small,"TOZAROA чехол-тент на автомобиль Lada 2114 (Лада
2114, ВАЗ-2114) 2001- 2013, защита от дождя, снега,
солнца и пыли, для улицы, парковки и гаража",LADA20-06-F,1 ,3474 
31 ,0232584850-0012-1,"=DISPIMG(""ID_611A3689B13C4E39B1D1E14F874E8F97"",1)",GUOO Economy Small,"TOZAROA чехол на автомобиль Lada 2108, 2109
1984-2006, размер 2XS, тент для автомобиля на
осень и зиму, защита кузова от дождя, мокрого
снега, наледи, пыли, грязи и листьев, для улицы",LADA-2XS-PEVA,1 ,4850 
32 ,59452029-0302-1,"=DISPIMG(""ID_6CC7F621364B45399ECBB02F60FA8BB0"",1)",GUOO Economy Small,"TOZAROA чехол-тент на автомобиль Lada 2107 (Лада
2107, ВАЗ-2107) 1982- 2012, защита от дождя, снега,
солнца и пыли, для улицы, парковки и гаража",LADA20-07-K,1 ,2029 
